{"text": " A partir de la metodología propuesta para desarrollar sistemas pasados en el conocimiento, hemos diseñado un modelo para la detección de potenciales radicales en medios opciones. Para diseñar este tipo de sistemas, primero tenemos que conocer el dominio del problema. Para conocer el dominio del problema, lo hemos dividido en diferentes fases. En una primera fase de adquisición del conocimiento, hemos contado con diferentes expertos, entre ellos el Instituto de De hecho, pena europarenta nacional y la Policía Nacional y junto con otros marcos legales, para modelar específicamente el comportamiento radical. Luego todo ese conocimiento, lo hemos plasmado en una representación jerárquica que es conocida como taxonomía, donde se relacionan esos conceptos de forma semántica. Después, en una siguiente fase, vamos a poder razonar sobre ese taxonomía en los diferentes niveles que representa para poder extraer una conclusión. Con los distintos niveles de estación, en la que hemos representado ese conocimiento, necesitamos precisar algunas clases de la taxonomía que lo hemos hecho mediante una autología de un dominio específico. En concreto, hemos modelado el comportamiento de erradicales de supremacistas en España con el uso de la autología.", "segments": [{"id": 0, "seek": 0, "start": 0.0, "end": 4.6000000000000005, "text": " A partir de la metodología propuesta para desarrollar sistemas", "tokens": [50364, 316, 13906, 368, 635, 1131, 378, 29987, 2365, 25316, 1690, 32501, 289, 48720, 50594, 50594, 1736, 4181, 465, 806, 15871, 14007, 11, 15396, 3814, 2791, 1573, 517, 27825, 1690, 635, 50768, 50768, 1141, 3045, 5687, 368, 48265, 279, 12001, 279, 465, 46017, 999, 23469, 13, 50944, 50944, 11107, 3814, 2791, 289, 4065, 9746, 368, 48720, 11, 21289, 9914, 631, 35241, 806, 8859, 1004, 51194, 51194, 1103, 12395, 13, 11107, 35241, 806, 8859, 1004, 1103, 12395, 11, 51332, 51332, 450, 15396, 4996, 2925, 465, 17686, 283, 1957, 13, 2193, 2002, 17382, 33931, 368, 51464, 51464, 614, 15398, 15534, 1103, 15871, 14007, 11, 15396, 660, 1573, 416, 17686, 5844, 329, 11, 51638, 51638, 3962, 16353, 806, 33897, 8262, 368, 1346, 13064, 11, 29222, 308, 374, 404, 1898, 64, 29836, 288, 635, 51806, 51806], "temperature": 0.0, "avg_logprob": -0.3285855171375705, "compression_ratio": 1.7907801418439717, "no_speech_prob": 0.2918555438518524}, {"id": 1, "seek": 0, "start": 4.6000000000000005, "end": 8.08, "text": " pasados en el conocimiento, hemos diseñado un modelo para la", "tokens": [50364, 316, 13906, 368, 635, 1131, 378, 29987, 2365, 25316, 1690, 32501, 289, 48720, 50594, 50594, 1736, 4181, 465, 806, 15871, 14007, 11, 15396, 3814, 2791, 1573, 517, 27825, 1690, 635, 50768, 50768, 1141, 3045, 5687, 368, 48265, 279, 12001, 279, 465, 46017, 999, 23469, 13, 50944, 50944, 11107, 3814, 2791, 289, 4065, 9746, 368, 48720, 11, 21289, 9914, 631, 35241, 806, 8859, 1004, 51194, 51194, 1103, 12395, 13, 11107, 35241, 806, 8859, 1004, 1103, 12395, 11, 51332, 51332, 450, 15396, 4996, 2925, 465, 17686, 283, 1957, 13, 2193, 2002, 17382, 33931, 368, 51464, 51464, 614, 15398, 15534, 1103, 15871, 14007, 11, 15396, 660, 1573, 416, 17686, 5844, 329, 11, 51638, 51638, 3962, 16353, 806, 33897, 8262, 368, 1346, 13064, 11, 29222, 308, 374, 404, 1898, 64, 29836, 288, 635, 51806, 51806], "temperature": 0.0, "avg_logprob": -0.3285855171375705, "compression_ratio": 1.7907801418439717, "no_speech_prob": 0.2918555438518524}, {"id": 2, "seek": 0, "start": 8.08, "end": 11.6, "text": " detección de potenciales radicales en medios opciones.", "tokens": [50364, 316, 13906, 368, 635, 1131, 378, 29987, 2365, 25316, 1690, 32501, 289, 48720, 50594, 50594, 1736, 4181, 465, 806, 15871, 14007, 11, 15396, 3814, 2791, 1573, 517, 27825, 1690, 635, 50768, 50768, 1141, 3045, 5687, 368, 48265, 279, 12001, 279, 465, 46017, 999, 23469, 13, 50944, 50944, 11107, 3814, 2791, 289, 4065, 9746, 368, 48720, 11, 21289, 9914, 631, 35241, 806, 8859, 1004, 51194, 51194, 1103, 12395, 13, 11107, 35241, 806, 8859, 1004, 1103, 12395, 11, 51332, 51332, 450, 15396, 4996, 2925, 465, 17686, 283, 1957, 13, 2193, 2002, 17382, 33931, 368, 51464, 51464, 614, 15398, 15534, 1103, 15871, 14007, 11, 15396, 660, 1573, 416, 17686, 5844, 329, 11, 51638, 51638, 3962, 16353, 806, 33897, 8262, 368, 1346, 13064, 11, 29222, 308, 374, 404, 1898, 64, 29836, 288, 635, 51806, 51806], "temperature": 0.0, "avg_logprob": -0.3285855171375705, "compression_ratio": 1.7907801418439717, "no_speech_prob": 0.2918555438518524}, {"id": 3, "seek": 0, "start": 11.6, "end": 16.6, "text": " Para diseñar este tipo de sistemas, primero tenemos que conocer el dominio", "tokens": [50364, 316, 13906, 368, 635, 1131, 378, 29987, 2365, 25316, 1690, 32501, 289, 48720, 50594, 50594, 1736, 4181, 465, 806, 15871, 14007, 11, 15396, 3814, 2791, 1573, 517, 27825, 1690, 635, 50768, 50768, 1141, 3045, 5687, 368, 48265, 279, 12001, 279, 465, 46017, 999, 23469, 13, 50944, 50944, 11107, 3814, 2791, 289, 4065, 9746, 368, 48720, 11, 21289, 9914, 631, 35241, 806, 8859, 1004, 51194, 51194, 1103, 12395, 13, 11107, 35241, 806, 8859, 1004, 1103, 12395, 11, 51332, 51332, 450, 15396, 4996, 2925, 465, 17686, 283, 1957, 13, 2193, 2002, 17382, 33931, 368, 51464, 51464, 614, 15398, 15534, 1103, 15871, 14007, 11, 15396, 660, 1573, 416, 17686, 5844, 329, 11, 51638, 51638, 3962, 16353, 806, 33897, 8262, 368, 1346, 13064, 11, 29222, 308, 374, 404, 1898, 64, 29836, 288, 635, 51806, 51806], "temperature": 0.0, "avg_logprob": -0.3285855171375705, "compression_ratio": 1.7907801418439717, "no_speech_prob": 0.2918555438518524}, {"id": 4, "seek": 0, "start": 16.6, "end": 19.36, "text": " del problema. Para conocer el dominio del problema,", "tokens": [50364, 316, 13906, 368, 635, 1131, 378, 29987, 2365, 25316, 1690, 32501, 289, 48720, 50594, 50594, 1736, 4181, 465, 806, 15871, 14007, 11, 15396, 3814, 2791, 1573, 517, 27825, 1690, 635, 50768, 50768, 1141, 3045, 5687, 368, 48265, 279, 12001, 279, 465, 46017, 999, 23469, 13, 50944, 50944, 11107, 3814, 2791, 289, 4065, 9746, 368, 48720, 11, 21289, 9914, 631, 35241, 806, 8859, 1004, 51194, 51194, 1103, 12395, 13, 11107, 35241, 806, 8859, 1004, 1103, 12395, 11, 51332, 51332, 450, 15396, 4996, 2925, 465, 17686, 283, 1957, 13, 2193, 2002, 17382, 33931, 368, 51464, 51464, 614, 15398, 15534, 1103, 15871, 14007, 11, 15396, 660, 1573, 416, 17686, 5844, 329, 11, 51638, 51638, 3962, 16353, 806, 33897, 8262, 368, 1346, 13064, 11, 29222, 308, 374, 404, 1898, 64, 29836, 288, 635, 51806, 51806], "temperature": 0.0, "avg_logprob": -0.3285855171375705, "compression_ratio": 1.7907801418439717, "no_speech_prob": 0.2918555438518524}, {"id": 5, "seek": 0, "start": 19.36, "end": 22.0, "text": " lo hemos dividido en diferentes fases. En una primera fase de", "tokens": [50364, 316, 13906, 368, 635, 1131, 378, 29987, 2365, 25316, 1690, 32501, 289, 48720, 50594, 50594, 1736, 4181, 465, 806, 15871, 14007, 11, 15396, 3814, 2791, 1573, 517, 27825, 1690, 635, 50768, 50768, 1141, 3045, 5687, 368, 48265, 279, 12001, 279, 465, 46017, 999, 23469, 13, 50944, 50944, 11107, 3814, 2791, 289, 4065, 9746, 368, 48720, 11, 21289, 9914, 631, 35241, 806, 8859, 1004, 51194, 51194, 1103, 12395, 13, 11107, 35241, 806, 8859, 1004, 1103, 12395, 11, 51332, 51332, 450, 15396, 4996, 2925, 465, 17686, 283, 1957, 13, 2193, 2002, 17382, 33931, 368, 51464, 51464, 614, 15398, 15534, 1103, 15871, 14007, 11, 15396, 660, 1573, 416, 17686, 5844, 329, 11, 51638, 51638, 3962, 16353, 806, 33897, 8262, 368, 1346, 13064, 11, 29222, 308, 374, 404, 1898, 64, 29836, 288, 635, 51806, 51806], "temperature": 0.0, "avg_logprob": -0.3285855171375705, "compression_ratio": 1.7907801418439717, "no_speech_prob": 0.2918555438518524}, {"id": 6, "seek": 0, "start": 22.0, "end": 25.48, "text": " adquisición del conocimiento, hemos contado con diferentes expertos,",